回数,step,種類,青時間(秒)
2,1237.0,従道路,16.0
4,1357.0,従道路,35.0
6,1477.0,従道路,16.0
8,1597.0,従道路,35.0
10,1717.0,従道路,16.0
12,1837.0,従道路,35.0
14,1957.0,従道路,16.0
16,2077.0,従道路,35.0
18,2197.0,従道路,16.0
20,2317.0,従道路,35.0
22,2437.0,従道路,16.0
24,2557.0,従道路,35.0
26,2677.0,従道路,16.0
28,2797.0,従道路,35.0
30,2917.0,従道路,16.0
32,3037.0,従道路,35.0
34,3157.0,従道路,16.0
36,3277.0,従道路,35.0
38,3397.0,従道路,16.0
40,3517.0,従道路,35.0
42,3637.0,従道路,16.0
44,3757.0,従道路,35.0
46,3877.0,従道路,16.0
48,3997.0,従道路,35.0
50,4117.0,従道路,16.0
52,4237.0,従道路,35.0
54,4357.0,従道路,16.0
56,4477.0,従道路,35.0
58,4597.0,従道路,16.0
60,4717.0,従道路,35.0
62,4837.0,従道路,16.0
64,4957.0,従道路,35.0
66,5077.0,従道路,16.0
68,5197.0,従道路,35.0
70,5317.0,従道路,16.0
72,5437.0,従道路,35.0
74,5557.0,従道路,16.0
76,5677.0,従道路,35.0
78,5797.0,従道路,16.0
80,5917.0,従道路,35.0
82,6037.0,従道路,16.0
84,6157.0,従道路,35.0
86,6277.0,従道路,16.0
88,6397.0,従道路,35.0
90,6517.0,従道路,16.0
92,6637.0,従道路,35.0
94,6757.0,従道路,16.0
96,6877.0,従道路,35.0
98,6997.0,従道路,16.0
100,7117.0,従道路,35.0
102,7237.0,従道路,16.0
104,7357.0,従道路,35.0
106,7477.0,従道路,16.0
108,7597.0,従道路,35.0
110,7717.0,従道路,16.0
112,7837.0,従道路,35.0
114,7957.0,従道路,16.0
116,8077.0,従道路,35.0
118,8197.0,従道路,16.0
120,8317.0,従道路,35.0
122,8437.0,従道路,16.0
124,8557.0,従道路,35.0
126,8677.0,従道路,16.0
128,8797.0,従道路,35.0
130,8917.0,従道路,16.0
132,9037.0,従道路,35.0
134,9157.0,従道路,16.0
136,9277.0,従道路,35.0
138,9397.0,従道路,16.0
140,9517.0,従道路,35.0
142,9637.0,従道路,16.0
144,9757.0,従道路,35.0
146,9877.0,従道路,16.0
148,9997.0,従道路,35.0
150,10117.0,従道路,16.0
152,10237.0,従道路,35.0
154,10357.0,従道路,16.0
156,10477.0,従道路,35.0
158,10597.0,従道路,16.0
160,10717.0,従道路,35.0
162,10837.0,従道路,16.0
164,10957.0,従道路,35.0
166,11077.0,従道路,16.0
168,11197.0,従道路,35.0
170,11317.0,従道路,16.0
172,11437.0,従道路,35.0
174,11557.0,従道路,16.0
176,11677.0,従道路,35.0
178,11797.0,従道路,16.0
180,11917.0,従道路,35.0
182,12037.0,従道路,16.0
184,12157.0,従道路,35.0
186,12277.0,従道路,16.0
188,12397.0,従道路,35.0
190,12517.0,従道路,16.0
192,12637.0,従道路,35.0
194,12757.0,従道路,16.0
196,12877.0,従道路,35.0
198,12997.0,従道路,16.0
200,13117.0,従道路,35.0
202,13237.0,従道路,16.0
204,13357.0,従道路,35.0
206,13477.0,従道路,16.0
208,13597.0,従道路,35.0
210,13717.0,従道路,16.0
212,13837.0,従道路,35.0
214,13957.0,従道路,16.0
216,14077.0,従道路,35.0
218,14197.0,従道路,16.0
220,14317.0,従道路,35.0
222,14437.0,従道路,16.0
224,14557.0,従道路,35.0
226,14677.0,従道路,16.0
228,14797.0,従道路,35.0
230,14917.0,従道路,16.0
232,15037.0,従道路,35.0
234,15157.0,従道路,16.0
236,15277.0,従道路,35.0
238,15397.0,従道路,16.0
240,15517.0,従道路,35.0
242,15637.0,従道路,16.0
244,15757.0,従道路,35.0
246,15877.0,従道路,16.0
248,15997.0,従道路,35.0
250,16117.0,従道路,16.0
252,16237.0,従道路,35.0
254,16357.0,従道路,16.0
256,16477.0,従道路,35.0
258,16597.0,従道路,16.0
260,16717.0,従道路,35.0
262,16837.0,従道路,16.0
264,16957.0,従道路,35.0
266,17077.0,従道路,16.0
268,17197.0,従道路,35.0
270,17317.0,従道路,16.0
272,17437.0,従道路,35.0
274,17557.0,従道路,16.0
276,17677.0,従道路,35.0
278,17797.0,従道路,16.0
280,17917.0,従道路,35.0
282,18037.0,従道路,16.0
284,18157.0,従道路,35.0
286,18277.0,従道路,16.0
288,18397.0,従道路,35.0
290,18517.0,従道路,16.0
292,18637.0,従道路,35.0
294,18757.0,従道路,16.0
296,18877.0,従道路,35.0
298,18997.0,従道路,16.0
300,19117.0,従道路,35.0
302,19237.0,従道路,16.0
304,19357.0,従道路,35.0
306,19477.0,従道路,16.0
308,19597.0,従道路,35.0
310,19717.0,従道路,16.0
312,19837.0,従道路,35.0
314,19957.0,従道路,16.0
316,20077.0,従道路,35.0
318,20197.0,従道路,16.0
320,20317.0,従道路,35.0
322,20437.0,従道路,16.0
324,20557.0,従道路,35.0
326,20677.0,従道路,16.0
328,20797.0,従道路,35.0
330,20917.0,従道路,16.0
332,21037.0,従道路,35.0
334,21157.0,従道路,16.0
336,21277.0,従道路,35.0
338,21397.0,従道路,16.0
340,21517.0,従道路,35.0
342,21637.0,従道路,16.0
344,21757.0,従道路,35.0
346,21877.0,従道路,16.0
348,21997.0,従道路,35.0
350,22117.0,従道路,16.0
352,22237.0,従道路,35.0
354,22357.0,従道路,16.0
356,22477.0,従道路,35.0
358,22597.0,従道路,16.0
360,22717.0,従道路,35.0
362,22837.0,従道路,16.0
364,22957.0,従道路,35.0
366,23077.0,従道路,16.0
368,23197.0,従道路,35.0
370,23333.0,従道路,16.0
372,23437.0,従道路,35.0
374,23557.0,従道路,16.0
376,23677.0,従道路,35.0
378,23797.0,従道路,16.0
380,23917.0,従道路,35.0
382,24037.0,従道路,16.0
384,24157.0,従道路,35.0
386,24295.0,従道路,16.0
388,24397.0,従道路,35.0
390,24517.0,従道路,16.0
392,24637.0,従道路,35.0
394,24757.0,従道路,16.0
396,24877.0,従道路,35.0
398,25015.0,従道路,16.0
400,25117.0,従道路,35.0
402,25237.0,従道路,16.0
404,25357.0,従道路,35.0
406,25477.0,従道路,16.0
408,25597.0,従道路,35.0
410,25735.0,従道路,16.0
412,25837.0,従道路,35.0
414,25957.0,従道路,21.0
416,26082.0,従道路,30.0
418,26215.0,従道路,16.0
420,26317.0,従道路,35.0
422,26437.0,従道路,16.0
424,26557.0,従道路,35.0
426,26677.0,従道路,16.0
428,26797.0,従道路,35.0
430,26917.0,従道路,16.0
432,27037.0,従道路,35.0
434,27157.0,従道路,16.0
436,27277.0,従道路,35.0
438,27397.0,従道路,16.0
440,27517.0,従道路,35.0
442,27637.0,従道路,16.0
444,27757.0,従道路,35.0
446,27877.0,従道路,16.0
448,27997.0,従道路,35.0
450,28117.0,従道路,16.0
452,28237.0,従道路,35.0
454,28357.0,従道路,16.0
456,28477.0,従道路,35.0
458,28597.0,従道路,16.0
460,28717.0,従道路,35.0
462,28837.0,従道路,16.0
464,28957.0,従道路,35.0
466,29077.0,従道路,16.0
468,29197.0,従道路,35.0
470,29317.0,従道路,16.0
472,29437.0,従道路,35.0
474,29557.0,従道路,16.0
476,29677.0,従道路,35.0
478,29797.0,従道路,16.0
480,29917.0,従道路,35.0
482,30037.0,従道路,16.0
484,30157.0,従道路,35.0
486,30277.0,従道路,16.0
488,30397.0,従道路,35.0
490,30517.0,従道路,16.0
492,30637.0,従道路,35.0
494,30757.0,従道路,16.0
496,30877.0,従道路,35.0
498,30997.0,従道路,16.0
500,31117.0,従道路,35.0
502,31237.0,従道路,16.0
504,31357.0,従道路,35.0
506,31477.0,従道路,16.0
508,31597.0,従道路,35.0
510,31717.0,従道路,16.0
512,31837.0,従道路,35.0
514,31957.0,従道路,16.0
516,32077.0,従道路,35.0
518,32197.0,従道路,16.0
520,32317.0,従道路,35.0
522,32437.0,従道路,16.0
524,32557.0,従道路,35.0
526,32677.0,従道路,16.0
528,32797.0,従道路,35.0
530,32917.0,従道路,16.0
532,33037.0,従道路,35.0
534,33157.0,従道路,16.0
536,33277.0,従道路,35.0
538,33397.0,従道路,16.0
540,33517.0,従道路,35.0
542,33637.0,従道路,16.0
544,33757.0,従道路,35.0
546,33877.0,従道路,16.0
548,33997.0,従道路,35.0
550,34117.0,従道路,16.0
552,34237.0,従道路,35.0
554,34357.0,従道路,16.0
556,34477.0,従道路,35.0
558,34597.0,従道路,16.0
560,34717.0,従道路,35.0
562,34837.0,従道路,16.0
564,34957.0,従道路,35.0
566,35077.0,従道路,16.0
568,35197.0,従道路,35.0
570,35317.0,従道路,16.0
572,35437.0,従道路,35.0
574,35557.0,従道路,16.0
576,35677.0,従道路,35.0
578,35797.0,従道路,16.0
580,35917.0,従道路,35.0
582,36037.0,従道路,16.0
584,36157.0,従道路,35.0
586,36277.0,従道路,16.0
588,36397.0,従道路,35.0
590,36517.0,従道路,16.0
592,36637.0,従道路,35.0
594,36757.0,従道路,16.0
596,36877.0,従道路,35.0
598,36997.0,従道路,16.0
600,37117.0,従道路,35.0
602,37237.0,従道路,16.0
604,37357.0,従道路,35.0
606,37477.0,従道路,16.0
608,37597.0,従道路,35.0
610,37717.0,従道路,16.0
612,37837.0,従道路,35.0
614,37957.0,従道路,16.0
616,38077.0,従道路,35.0
618,38197.0,従道路,16.0
620,38317.0,従道路,35.0
622,38437.0,従道路,16.0
624,38557.0,従道路,35.0
626,38677.0,従道路,16.0
628,38797.0,従道路,35.0
630,38917.0,従道路,16.0
632,39037.0,従道路,35.0
634,39157.0,従道路,16.0
636,39277.0,従道路,35.0
638,39397.0,従道路,16.0
640,39517.0,従道路,35.0
642,39637.0,従道路,16.0
644,39757.0,従道路,35.0
646,39877.0,従道路,16.0
648,39997.0,従道路,35.0
650,40117.0,従道路,16.0
652,40237.0,従道路,35.0
654,40357.0,従道路,16.0
656,40477.0,従道路,35.0
658,40597.0,従道路,16.0
660,40717.0,従道路,35.0
662,40837.0,従道路,16.0
664,40957.0,従道路,35.0
666,41077.0,従道路,16.0
668,41197.0,従道路,35.0
670,41317.0,従道路,16.0
672,41437.0,従道路,35.0
674,41557.0,従道路,16.0
676,41677.0,従道路,35.0
678,41797.0,従道路,16.0
680,41917.0,従道路,35.0
682,42037.0,従道路,16.0
684,42157.0,従道路,35.0
686,42277.0,従道路,16.0
688,42397.0,従道路,35.0
690,42517.0,従道路,16.0
692,42637.0,従道路,35.0
694,42757.0,従道路,16.0
696,42877.0,従道路,35.0
698,42997.0,従道路,16.0
700,43117.0,従道路,35.0
702,43237.0,従道路,16.0
704,43357.0,従道路,35.0
706,43477.0,従道路,16.0
708,43597.0,従道路,35.0
710,43717.0,従道路,16.0
712,43837.0,従道路,35.0
714,43957.0,従道路,16.0
716,44077.0,従道路,35.0
718,44197.0,従道路,16.0
720,44317.0,従道路,35.0
722,44437.0,従道路,16.0
724,44557.0,従道路,35.0
726,44677.0,従道路,16.0
728,44797.0,従道路,35.0
730,44917.0,従道路,16.0
732,45037.0,従道路,35.0
734,45157.0,従道路,16.0
736,45277.0,従道路,35.0
738,45397.0,従道路,16.0
740,45517.0,従道路,35.0
742,45637.0,従道路,16.0
744,45757.0,従道路,35.0
746,45877.0,従道路,16.0
748,45997.0,従道路,35.0
750,46117.0,従道路,16.0
752,46237.0,従道路,35.0
754,46357.0,従道路,16.0
756,46477.0,従道路,35.0
758,46597.0,従道路,16.0
760,46717.0,従道路,35.0
762,46837.0,従道路,16.0
764,46957.0,従道路,35.0
766,47077.0,従道路,16.0
768,47197.0,従道路,35.0
770,47317.0,従道路,16.0
772,47437.0,従道路,35.0
774,47557.0,従道路,16.0
776,47677.0,従道路,35.0
778,47797.0,従道路,16.0
780,47917.0,従道路,35.0
782,48042.0,従道路,16.0
784,48157.0,従道路,35.0
786,48277.0,従道路,16.0
788,48397.0,従道路,35.0
790,48517.0,従道路,16.0
792,48637.0,従道路,35.0
794,48757.0,従道路,16.0
796,48877.0,従道路,35.0
798,48997.0,従道路,16.0
800,49117.0,従道路,35.0
802,49237.0,従道路,16.0
804,49357.0,従道路,35.0
806,49477.0,従道路,16.0
808,49597.0,従道路,35.0
810,49717.0,従道路,16.0
812,49837.0,従道路,35.0
814,49957.0,従道路,16.0
816,50077.0,従道路,35.0
818,50197.0,従道路,16.0
820,50317.0,従道路,35.0
822,50437.0,従道路,16.0
824,50557.0,従道路,35.0
826,50677.0,従道路,16.0
828,50797.0,従道路,35.0
830,50917.0,従道路,16.0
832,51037.0,従道路,35.0
834,51157.0,従道路,16.0
836,51277.0,従道路,35.0
838,51397.0,従道路,16.0
840,51517.0,従道路,35.0
842,51637.0,従道路,16.0
844,51757.0,従道路,35.0
846,51877.0,従道路,16.0
848,51997.0,従道路,35.0
850,52117.0,従道路,16.0
852,52237.0,従道路,35.0
854,52357.0,従道路,16.0
856,52477.0,従道路,35.0
858,52597.0,従道路,16.0
860,52717.0,従道路,35.0
862,52837.0,従道路,16.0
864,52957.0,従道路,35.0
866,53077.0,従道路,16.0
868,53197.0,従道路,35.0
870,53317.0,従道路,16.0
872,53437.0,従道路,35.0
874,53557.0,従道路,16.0
876,53677.0,従道路,35.0
878,53802.0,従道路,16.0
880,53917.0,従道路,35.0
882,54037.0,従道路,16.0
884,54157.0,従道路,35.0
886,54277.0,従道路,16.0
888,54397.0,従道路,35.0
890,54517.0,従道路,16.0
892,54637.0,従道路,35.0
894,54757.0,従道路,16.0
896,54877.0,従道路,35.0
898,54997.0,従道路,16.0
900,55117.0,従道路,35.0
902,55237.0,従道路,16.0
904,55357.0,従道路,35.0
906,55477.0,従道路,16.0
908,55597.0,従道路,35.0
910,55717.0,従道路,16.0
912,55837.0,従道路,35.0
914,55957.0,従道路,16.0
916,56077.0,従道路,35.0
918,56197.0,従道路,16.0
920,56317.0,従道路,35.0
922,56437.0,従道路,16.0
924,56557.0,従道路,35.0
926,56677.0,従道路,16.0
928,56797.0,従道路,35.0
930,56917.0,従道路,16.0
932,57037.0,従道路,35.0
934,57157.0,従道路,16.0
936,57277.0,従道路,35.0
938,57397.0,従道路,16.0
940,57517.0,従道路,35.0
942,57637.0,従道路,16.0
944,57757.0,従道路,35.0
946,57877.0,従道路,16.0
948,57997.0,従道路,35.0
950,58117.0,従道路,16.0
952,58237.0,従道路,35.0
954,58357.0,従道路,16.0
956,58477.0,従道路,35.0
958,58597.0,従道路,16.0
960,58717.0,従道路,35.0
962,58837.0,従道路,16.0
964,58957.0,従道路,35.0
966,59077.0,従道路,16.0
968,59197.0,従道路,35.0
970,59317.0,従道路,16.0
972,59437.0,従道路,35.0
974,59557.0,従道路,16.0
976,59677.0,従道路,35.0
978,59797.0,従道路,16.0
980,59917.0,従道路,35.0
982,60037.0,従道路,16.0
984,60157.0,従道路,35.0
986,60277.0,従道路,16.0
988,60397.0,従道路,35.0
990,60517.0,従道路,16.0
992,60637.0,従道路,35.0
994,60757.0,従道路,16.0
996,60877.0,従道路,35.0
998,60997.0,従道路,16.0
1000,61117.0,従道路,35.0
1002,61237.0,従道路,16.0
1004,61357.0,従道路,35.0
1006,61477.0,従道路,16.0
1008,61597.0,従道路,35.0
1010,61717.0,従道路,16.0
1012,61837.0,従道路,35.0
1014,61957.0,従道路,21.0
1016,62082.0,従道路,30.0
1018,62197.0,従道路,16.0
1020,62317.0,従道路,35.0
1022,62437.0,従道路,16.0
1024,62557.0,従道路,35.0
1026,62677.0,従道路,16.0
1028,62797.0,従道路,35.0
1030,62917.0,従道路,16.0
1032,63037.0,従道路,35.0
1034,63157.0,従道路,16.0
1036,63277.0,従道路,35.0
1038,63397.0,従道路,16.0
1040,63517.0,従道路,35.0
1042,63637.0,従道路,16.0
1044,63757.0,従道路,35.0
1046,63877.0,従道路,16.0
1048,63997.0,従道路,35.0
1050,64117.0,従道路,16.0
1052,64237.0,従道路,35.0
1054,64357.0,従道路,16.0
1056,64477.0,従道路,35.0
1058,64615.0,従道路,16.0
1060,64717.0,従道路,35.0
1062,64837.0,従道路,16.0
1064,64957.0,従道路,35.0
1066,65077.0,従道路,16.0
1068,65197.0,従道路,35.0
1070,65317.0,従道路,16.0
1072,65437.0,従道路,35.0
1074,65557.0,従道路,16.0
1076,65677.0,従道路,35.0
1078,65797.0,従道路,16.0
1080,65917.0,従道路,35.0
1082,66037.0,従道路,16.0
1084,66157.0,従道路,35.0
1086,66277.0,従道路,16.0
1088,66397.0,従道路,35.0
1090,66517.0,従道路,16.0
1092,66637.0,従道路,35.0
1094,66757.0,従道路,16.0
1096,66877.0,従道路,35.0
1098,66997.0,従道路,16.0
1100,67117.0,従道路,35.0
1102,67237.0,従道路,16.0
1104,67357.0,従道路,35.0
1106,67477.0,従道路,16.0
1108,67597.0,従道路,35.0
1110,67717.0,従道路,16.0
1112,67837.0,従道路,35.0
1114,67957.0,従道路,16.0
1116,68077.0,従道路,35.0
1118,68197.0,従道路,16.0
1120,68317.0,従道路,35.0
1122,68437.0,従道路,16.0
1124,68557.0,従道路,35.0
1126,68677.0,従道路,16.0
1128,68797.0,従道路,35.0
1130,68917.0,従道路,16.0
1132,69037.0,従道路,35.0
1134,69157.0,従道路,16.0
1136,69277.0,従道路,35.0
1138,69397.0,従道路,16.0
1140,69517.0,従道路,35.0
1142,69637.0,従道路,16.0
1144,69757.0,従道路,35.0
1146,69877.0,従道路,16.0
1148,69997.0,従道路,35.0
1150,70117.0,従道路,16.0
1152,70237.0,従道路,35.0
1154,70357.0,従道路,16.0
1156,70477.0,従道路,35.0
1158,70597.0,従道路,16.0
1160,70717.0,従道路,35.0
1162,70837.0,従道路,16.0
1164,70957.0,従道路,35.0
1166,71077.0,従道路,16.0
1168,71197.0,従道路,35.0
1170,71317.0,従道路,16.0
1172,71437.0,従道路,35.0
1174,71557.0,従道路,16.0
1176,71677.0,従道路,35.0
1178,71797.0,従道路,16.0
1180,71917.0,従道路,35.0
1182,72037.0,従道路,16.0
1184,72157.0,従道路,35.0
1186,72277.0,従道路,16.0
1188,72397.0,従道路,35.0
1190,72517.0,従道路,16.0
1192,72637.0,従道路,35.0
1194,72757.0,従道路,16.0
1196,72877.0,従道路,35.0
1198,72997.0,従道路,16.0
1200,73117.0,従道路,35.0
1202,73237.0,従道路,16.0
1204,73357.0,従道路,35.0
1206,73477.0,従道路,16.0
1208,73597.0,従道路,35.0
1210,73717.0,従道路,16.0
1212,73837.0,従道路,35.0
1214,73957.0,従道路,16.0
1216,74077.0,従道路,35.0
1218,74197.0,従道路,16.0
1220,74317.0,従道路,35.0
1222,74437.0,従道路,16.0
1224,74557.0,従道路,35.0
1226,74677.0,従道路,16.0
1228,74797.0,従道路,35.0
1230,74917.0,従道路,16.0
1232,75037.0,従道路,35.0
1234,75157.0,従道路,16.0
1236,75277.0,従道路,35.0
1238,75397.0,従道路,16.0
1240,75517.0,従道路,35.0
1242,75637.0,従道路,16.0
1244,75757.0,従道路,35.0
1246,75877.0,従道路,16.0
1248,75997.0,従道路,35.0
1250,76117.0,従道路,16.0
1252,76237.0,従道路,35.0
1254,76357.0,従道路,16.0
1256,76477.0,従道路,35.0
1258,76597.0,従道路,16.0
1260,76717.0,従道路,35.0
1262,76837.0,従道路,16.0
1264,76957.0,従道路,35.0
1266,77077.0,従道路,16.0
1268,77197.0,従道路,35.0
1270,77317.0,従道路,16.0
1272,77437.0,従道路,35.0
1274,77557.0,従道路,16.0
1276,77677.0,従道路,35.0
1278,77797.0,従道路,16.0
1280,77917.0,従道路,35.0
1282,78037.0,従道路,16.0
1284,78157.0,従道路,35.0
1286,78277.0,従道路,16.0
1288,78397.0,従道路,35.0
1290,78517.0,従道路,16.0
1292,78637.0,従道路,35.0
1294,78757.0,従道路,16.0
1296,78877.0,従道路,35.0
1298,78997.0,従道路,16.0
1300,79117.0,従道路,35.0
1302,79237.0,従道路,16.0
1304,79357.0,従道路,35.0
1306,79477.0,従道路,16.0
1308,79597.0,従道路,35.0
1310,79717.0,従道路,16.0
1312,79837.0,従道路,35.0
1314,79957.0,従道路,16.0
1316,80077.0,従道路,35.0
1318,80197.0,従道路,16.0
1320,80317.0,従道路,35.0
1322,80437.0,従道路,16.0
1324,80557.0,従道路,35.0
1326,80677.0,従道路,16.0
1328,80797.0,従道路,35.0
1330,80917.0,従道路,16.0
1332,81037.0,従道路,35.0
1334,81157.0,従道路,16.0
1336,81277.0,従道路,35.0
1338,81397.0,従道路,16.0
1340,81517.0,従道路,35.0
1342,81637.0,従道路,16.0
1344,81757.0,従道路,35.0
1346,81877.0,従道路,16.0
1348,81997.0,従道路,35.0
1350,82117.0,従道路,16.0
1352,82237.0,従道路,35.0
1354,82357.0,従道路,16.0
1356,82477.0,従道路,35.0
1358,82597.0,従道路,16.0
1360,82717.0,従道路,35.0
1362,82837.0,従道路,16.0
1364,82957.0,従道路,35.0
1366,83077.0,従道路,16.0
1368,83197.0,従道路,35.0
1370,83317.0,従道路,16.0
1372,83437.0,従道路,35.0
1374,83557.0,従道路,16.0
1376,83677.0,従道路,35.0
1378,83797.0,従道路,16.0
1380,83917.0,従道路,35.0
1382,84037.0,従道路,16.0
1384,84157.0,従道路,35.0
1386,84277.0,従道路,16.0
1388,84397.0,従道路,35.0
1390,84517.0,従道路,16.0
1392,84637.0,従道路,35.0
1394,84757.0,従道路,16.0
1396,84877.0,従道路,35.0
1398,84997.0,従道路,16.0
1400,85117.0,従道路,35.0
1402,85237.0,従道路,16.0
1404,85357.0,従道路,35.0
1406,85477.0,従道路,16.0
1408,85597.0,従道路,35.0
1410,85717.0,従道路,16.0
1412,85837.0,従道路,35.0
1414,85957.0,従道路,16.0
1416,86077.0,従道路,35.0
1418,86197.0,従道路,16.0
1420,86317.0,従道路,35.0
1422,86437.0,従道路,16.0
1424,86557.0,従道路,35.0
1426,86677.0,従道路,16.0
1428,86797.0,従道路,35.0
1430,86917.0,従道路,16.0
1432,87037.0,従道路,35.0
1434,87157.0,従道路,16.0
1436,87277.0,従道路,35.0
1438,87397.0,従道路,16.0
1440,87517.0,従道路,35.0
1442,87637.0,従道路,16.0
1444,87757.0,従道路,35.0
1446,87877.0,従道路,16.0
